Jerrold Pfeffer DDS,Mallory@myrtle.co.uk
Tate Hermiston,Hunter_Maggio@edgardo.com
Laurence Brown,Jessica_Hermiston@evert.name
Wilhelm Hilll,Diamond_Tremblay@ada.net
Steve Hackett,Dominique.Howe@irwin.biz
Max Fahey,Donald_Jacobi@hollis.info
Mr. Osbaldo Rohan,Brycen_Morar@annie.io
Maynard Schoen DVM,Erica@duncan.us
Miss Sasha Satterfield,Reilly@titus.biz
Raphaelle Hoeger,Chesley.Auer@judd.tv
Jedediah Kemmer IV,Teresa.Harber@payton.biz
Miss Luigi Considine,Adriana.Rutherford@amparo.biz
Dr. Domenico Schoen,Rahul.Kilback@king.net
Ronaldo Turner,Keanu_Frami@abner.biz
Javonte Ernser,Tito.Herman@kade.com
Madalyn Dickens,Cletus@dee.org
Mr. Ruthie Witting,Edwardo.Ryan@kirsten.name
Verlie Feil,Prince@grayson.co.uk
Corbin Dietrich,Geraldine@anais.name
Marc Wisozk,Olaf@rocky.name
Raul Kassulke,Jodie.Feest@jimmie.io
Aliya Grady,Oliver@bailey.biz
Golda Tillman,Muriel@candelario.com
Deion Beier,Valentin@estell.me
Vaughn Walker,Thad.Schowalter@doug.biz
Yolanda Stokes,Mazie@braden.io
Trever Collins,Madaline.Waters@alysha.me
Chadd Heaney,Rosario.Runolfsson@christina.info
Roscoe Kessler,Javon@melba.biz
Baylee McDermott,Xander@willard.biz
Kattie Konopelski MD,Rogers@eulalia.me
Edythe Macejkovic,Darron@calista.ca
Mrs. Anna Harber,Dortha@wilhelm.info
Darwin Beahan,Tyler_Reilly@wayne.us
Jamie Kulas,Ramiro@cara.info
Osbaldo Roob,Joan@filiberto.biz
Reina Muller,Esta@linwood.name
Moriah Schaden,Libbie@hailey.name
Vada Zieme,Sydney_Johns@idell.tv
Retta Lindgren,Catharine.Brown@lourdes.com
Jermaine Pacocha,Gilbert@ally.io
Ebony Berge,Rory@lester.ca
Cristina Kassulke,Arlo_Moore@keven.info
Joey Block,Lindsay@ashlee.net
Bethel Smith,Harrison@tremayne.com
Destini Gaylord,Karli.Rogahn@ben.co.uk
Mr. Evelyn Padberg,Mikayla@jevon.biz
Ms. Oma Greenholt,Kaycee@florencio.me
Bill Torp,Carmen.Kovacek@jared.net
Mr. Lauriane Buckridge,Carlee@otha.info
Rebeka Hand,General_Green@grover.net
Mason Prohaska,Javier@beulah.net
Zoie Crist I,Angelita@hadley.org
Okey Brakus I,Cleora@pierce.org
Jaclyn Lind III,Julio.West@rolando.biz
Cecile Wilderman,Brady.Anderson@johann.biz
Benjamin Sipes,Hortense@tiana.me
Charlene Walter,Grady@kiara.org
Mrs. Maybelle Roob,Elise_Kautzer@finn.ca
Mr. Maddison Jacobs,Amira@linnea.info
Keaton McGlynn,Alexandria@mathilde.com
Nico Walsh,Giles@flossie.biz
Garfield Ward,Keagan.Beer@gilberto.name
Catalina West,Camren@kian.net
Macy Harris,Danyka@aletha.io
Luciano Kovacek,Dee@eudora.io
Gene Flatley,Maynard@shemar.io
Jessyca Mante,Otha.Beer@margret.org
Jennyfer Carroll,Elisa_Towne@dejon.name
Stanton Leuschke,Shana@abby.co.uk
Lawrence Harris,Reva@lenore.tv
Miss Lavonne Wyman,Kristopher_Osinski@hosea.info
Deshaun Nicolas,Terrell_Hegmann@rocky.co.uk
Mable Bednar,Roderick_Abbott@leanne.name
Arianna Carroll,Bradly.Frami@sasha.com
Raleigh Keeling,Vito@garrick.net
Mr. Orville DuBuque,Savanna@modesto.com
Vito Auer,Peggie.Johnston@olaf.biz
Dortha Waters,Zena@tiffany.org
Stefan Orn,Maud@alivia.name
Kimberly Gaylord,Name.Leffler@colton.org
Alta Oberbrunner,Mabelle.Roberts@jalon.com
Roy Reichert,Gaetano.Smith@porter.com
Abbigail Rempel,Joy@iliana.ca
Rigoberto O'Connell DVM,Sadye@gracie.co.uk
Garfield Waters,Bernice_Wyman@aracely.ca
Elton Schmitt,Pauline.Koepp@nasir.ca
Dr. Elza Adams,Hallie_Raynor@zora.net
Ceasar Bergnaum,Caesar@francisca.io
Anna Mosciski,Talia@julie.biz
Mr. Destinee Kassulke,Rosemarie@jena.info
Perry Little,Colton.Feest@manley.biz
Lenora Breitenberg,Gregoria@jett.net
Miss Josiane Erdman,Providenci_Greenholt@xavier.biz
Mr. Wilson Thompson,Ayana.Schiller@lexi.co.uk
Jimmie Schoen,Demetris_Goyette@leola.us
Lorenz Johnson Jr.,Aimee@norval.info
Salvatore Ward,Dominique@brown.net
Petra Mosciski,Jettie@bell.name
Paxton Turner,Fabiola.Boyer@edmond.tv
Flavio Stroman,Eunice.Ledner@anika.name
Kristoffer Welch,Cory@caleb.biz
Leilani Gibson,Dana.Aufderhar@isac.io
Iva Schroeder,Cleveland_Abbott@zul.biz
Stone Graham,Braulio@gabe.name
Tommie Donnelly,Otha_Cormier@ursula.name
Chauncey Sporer,Earnestine.Morissette@elody.name
Eugenia Torphy I,Ona@christy.me
Dr. Brandt Hirthe,Zakary_Langosh@lizzie.biz
Leonor Lakin V,Dixie.Gorczany@delmer.com
Savion Cormier,Telly.Nienow@delmer.org
General Hilpert,Rod@jared.me
Dayana Mraz DVM,Angelo_Smitham@trever.io
Cortez Rath,Bryon.Reichert@elenora.biz
Rashad Dach,Delilah@santina.name
Ms. Macy Grimes,Sheila.Jaskolski@brenden.net
Maci Mohr,Emil@devante.name
Celestine Smith,Adela_Runte@daron.info
Ewell Rowe,Irwin.Sawayn@gus.ca
Willow Hayes PhD,Ryleigh_Fay@jillian.com
Issac Klocko,Bradford@bradford.info
Mr. Alycia Parker,Denis.Raynor@sabrina.name
Winnifred Orn,Royal@bernice.co.uk
Bartholome McDermott,Sharon.Cormier@virgil.com
Javon Shields,Madeline@rosario.ca
Iliana Hagenes,Tanya@justen.biz
Giles Dickinson III,Alf.Roob@abelardo.io
Lester Hettinger,Bethel@myrtie.tv
Kristina Konopelski,Palma@lucas.io
Brooklyn Jacobs,Randall.Beatty@destini.ca
Sam Hane IV,Clay@trenton.ca
Mrs. Curt Halvorson,Eino@stacy.org
Antonio Pfeffer III,Lee@mattie.org
Robyn Frami,Nestor@furman.us
Vernice Kunze,Rosalee.Kertzmann@kaitlin.co.uk
Mrs. Bud VonRueden,Judge_Prohaska@waldo.com
Nathanael Lind,Baylee@zoe.com
Lelia Rolfson,Vladimir.Anderson@terry.co.uk
Xavier Oberbrunner Jr.,Fannie.Kris@ettie.tv
Justen Steuber III,Theo@erwin.com
Shyanne Gleason,Estevan.Doyle@herta.ca
Lew Herzog,Larissa@etha.biz
Halie Smith,Isaias@luther.tv
Miss Golda Jakubowski,Charlotte.OReilly@prudence.com
Gregorio Baumbach DVM,Sierra@morris.com
Mckayla Gerhold,Keegan.Feeney@alexandrine.ca
Antone Schroeder,Roger@tina.ca
Mrs. Edwardo Murphy,Dawson@bernadine.name
Lexus Rice Jr.,Kathlyn@rahsaan.biz
Ms. Yvette Hermann,Alexis@lenora.tv
Xzavier Moore DVM,Roscoe_Beatty@hester.com
Ms. Madalyn Nader,Raven_Tremblay@gerry.net
Ms. Osvaldo Braun,Rogers.Lubowitz@lucienne.ca
Selina Feil,Evan_Wehner@halie.tv
Cameron Rosenbaum,Santiago.Will@hiram.com
Randall Little,Hershel@aryanna.biz
Miss Jeff Feil,Keyon@savannah.co.uk
Kiana Thiel,Amie_Lemke@katelin.me
Felix Breitenberg,Erwin@alivia.biz
Ms. Casandra Herzog,Deion_Luettgen@benny.org
Collin Spencer,Karelle@sandy.us
Lonie Powlowski,Deon@deshawn.me
Clarissa Bergnaum,Imani_Ullrich@aliya.me
Una Steuber,Grady_Treutel@rozella.org
Furman Hessel,Kaitlyn.Gleason@webster.org
Logan Satterfield,Jess.OKon@reid.org
Angel Baumbach,Earnestine_Harann@roosevelt.io
Evans Effertz,Elise.Brown@edyth.us
Miss Celia Rath,Buster@frederik.org
Sandy Weber,Emmett.Hermann@cassandra.com
Myrtice Rippin,Leta.Dickens@lula.ca
Solon Steuber,Jose@freddie.us
Janae Treutel,Velma@meghan.com
Emilia Weimann DVM,Rachael_Romaguera@abner.biz
Estevan Wilderman V,Viva@rodrigo.tv
Kristopher Reinger,Nicholas@lupe.biz
Brigitte Ankunding V,Gustave@samara.com
Creola Simonis,Otho.Mills@marian.io
Julie Schaden,Florence_Muller@jefferey.us
Valerie Jaskolski,Charles_Kunde@jordi.io
Rosalind Grant,Scot@rubie.info
Dr. Cathy Jenkins,Quinten@albin.me
Itzel Hammes MD,Krystel@cassie.us
Kory Kautzer,Hildegard@lucas.biz
Kaela Ryan,Mabelle_Gerlach@roxanne.org
Jolie Kassulke,Judah@sunny.info
Lola Williamson,Edythe@eden.ca
Nat Lebsack,Maxine.Wiza@lina.net
Mrs. Hazle Green,Alayna@elsa.biz
Marcella Gulgowski,Samanta_Upton@shakira.net
Ethyl Bergstrom,Amari_Barton@nyah.name
Earnest Bogisich,Taya.Daniel@virginie.tv
Tom Bernier,Maximillian@velda.net
Chad Toy,Jarvis_Kuhn@mazie.tv
Jonas Frami,Melany.Sanford@jarvis.io
Ines Beier,Enola@jaida.tv
George Terry,Antonette.Jaskolski@dexter.tv
Gideon Marvin,Colin_Hilll@bobby.co.uk
April Fisher PhD,Micah@connor.biz
Kevon Mayert,Mac_Dickens@lucius.com
Grace Spencer,Julie@alena.co.uk
Johnathon Kling PhD,Rebekah_Jerde@myrtle.co.uk
Garth Carter,Rosemarie@shakira.me
Jasen Bartoletti,Penelope@frederic.io
Dovie Hoeger,Gertrude_Jacobson@macey.ca
Earnest Abbott,Carrie@armand.ca
Miss Antonetta Osinski,Everardo@celestine.me
Bridgette Keebler,Garland@estevan.biz
Araceli Marvin,Krystina@kraig.name
Torey Goyette,Barrett@esteban.biz
Jazlyn Fahey,Scotty_Dooley@margaretta.biz
Jailyn Toy,Marlen@kennedi.me
Mr. Phyllis Klein,Verlie@narciso.co.uk
Mr. Zelma Hamill,Alvina.Tremblay@deondre.ca
Meda Hirthe,Edison.Tromp@willie.me
Dr. Noble Reilly,Eula@sophia.co.uk
Bryce Gleason,Connie@robert.org
Janis Tromp,Rylee@alexandre.info
Jarrett Collier,Jovan@jayden.ca
Jessie Hirthe,Arch@lillie.io
Miss Glennie Waelchi,Merritt@theresa.info
Jeremy Franecki,Anabel@efren.ca
Miss Eugenia Beatty,Kurt.Streich@newell.com
Christina Kulas,Alexandro.Schoen@lilly.tv
Ms. Tressie Schmidt,Maverick_Runte@rey.co.uk
Fritz Will,Rick_Moore@leola.com
Ashleigh Reichert,Bailee.Smitham@pearl.name
Dr. Berneice Hettinger,Alvina.Barton@broderick.org
Raven Dickens,Richie.Mante@vicente.ca
Helmer Deckow,Luciano.Shields@osborne.co.uk
Mayra Wyman Jr.,Katelyn.Friesen@raymond.biz
Justice Conroy,Kassandra_Frami@aryanna.info
Scot Donnelly MD,Andreane@naomi.biz
Uriah Grant,Kimberly@walker.net
Jordi Jacobs,Lydia@estevan.biz
Danielle Schoen,Adell_Cronin@talia.us
Sabrina Murray,Dortha_Jacobi@kacey.me
Jacquelyn Lowe,Veronica_Gleichner@bessie.org
Mr. Maurine Roob,Evan@iva.ca
Karley Zulauf,Karson.Schowalter@jesse.tv
Lisa Gutkowski,Elliot@colin.name
Odie Hauck,Raul@verla.net
Felicity Schamberger,Kyleigh@jamal.info
Carlee Volkman,Ines@earline.biz
Abdul Zulauf,Theresia@augustine.org
Cristobal Crona,Una.Heaney@noemie.biz
Hailie Volkman V,Syble_Stark@aracely.us
Foster Donnelly,Adell@gayle.biz
Lauretta McGlynn,Jayden.Von@wilhelmine.net
Eino Quigley,Jerrold.Dach@justyn.name
Adolph Grimes,Birdie.Brekke@joel.com
Fritz Dickinson II,Deven@wallace.ca
Sterling Hodkiewicz,Agustin@kay.biz
Talon Leuschke,Emanuel@shanie.us
Darrick Nolan,Laurie@ned.org
Shany Kreiger,Susan@audreanne.net
Miss Jairo Strosin,Maryse.Yundt@elvera.us
Muhammad Senger,Willis@ashlee.us
Hudson Mayer,Florine@joel.info
Dolly O'Keefe DVM,Sylvester@marc.name
Oleta Gottlieb,Verna_Keeling@tomasa.name
Dr. Jacklyn Mosciski,Eulalia.Kautzer@alisha.tv
Carleton Kiehn,Kailee@sylvester.net
Samara Powlowski,Shania_Kohler@tyrel.com
Francesco Howe PhD,Monroe_Schneider@gabe.us
Tara Kassulke,Abe@aubree.ca
Romaine Bednar,Jeffery@wilma.tv
Miss Judy Batz,Lambert@lexus.info
Adrain Willms,Nash@emory.biz
Darlene McGlynn,Al@corrine.net
Houston Brown,Jamir@ebba.tv
Kolby Nicolas,Rahul_Parker@scot.net
Heather Wilderman PhD,Paula@cooper.net
Rosetta Konopelski,Raoul@peyton.ca
Mr. Stanford Mann,Francisco@mario.org
Isabelle Tremblay,Otha@vaughn.ca
Darrell Bosco,Kolby@briana.net
Nathen Bergnaum,Alia@leonel.name
Rowena Swaniawski,Ivah@fiona.org
Shana Mayer,Briana@noah.biz
Lynn Emard Sr.,Halle.Cormier@maureen.io
Mafalda Morar,Omer.Hansen@birdie.name
Jan Abshire,Lilla_Wiegand@harmony.me
Marcelino Roob,Sonya.Abernathy@mellie.io
Sallie Bernhard,Junior@carmelo.org
Cristina Wyman,Percival_Lakin@earl.org
Orion Miller,Aron_Schmeler@jerry.net
Dewitt O'Connell,Wyatt@josephine.io
Mr. Jovani Mayert,Gilberto@dexter.co.uk
Skye Donnelly II,Cleora.Ferry@gerardo.biz
Miss Norval Hilll,Zackery@gregorio.co.uk
Stacy Roberts,Cecilia@zachary.info
Flossie Gleichner,Marietta.Kozey@gerald.biz
Miss Elias Fadel,Aurore@kelton.me
Heaven Greenholt,Cleta@megane.com
Arnulfo Bartell,Ladarius@billie.us
Dr. Ruby McGlynn,Yadira.Treutel@crystel.com
Pansy Murray MD,Felicita@anya.info
Rosella Cormier,Bette@maximilian.co.uk
Mr. Dolores Brekke,Timothy@orland.com
Frida Heaney,Suzanne.Ernser@joshuah.io
Estelle Keeling,Jerrod@gussie.info
Eliezer Windler,Braeden@oleta.info
Milton Goldner,Clare@javon.me
Angelica Larkin,Felicita@jose.tv
Dolly Hilll,Alessia.Schumm@kayden.us
Guiseppe Parker,Larry@trace.com
Orion Crooks,Frida@rhea.name
Jewel Jaskolski,Belle_Larkin@meggie.name
Nedra Stracke,Theresa@stephany.us
Ms. Natalie Kulas,Susan@aliya.io
Bernadette Collins,Norval@lois.org
Miss Kallie Reichert,Anika@timothy.us
Ms. Burnice Balistreri,Idell@rhoda.com
Vernon Franecki,Constantin.Schiller@nikita.org
Orville Morar,Danny_Hills@clinton.biz
Claudie O'Reilly,Devyn_Schroeder@brennon.name
Pinkie Hermann,Twila@mariane.name
Dr. Art Hirthe,Mazie@rubye.name
Amara Murphy IV,Jamar.Kertzmann@darlene.biz
Ashleigh Wuckert,Oswaldo@brooks.info
Jaclyn Hettinger,Terry_Schmeler@holden.me
Columbus Hilll,Rodrigo.Reinger@ernestine.ca
Remington Pagac,Mylene.Mayer@delbert.org
Rosetta VonRueden,Harrison_Waters@chanel.biz
Marlon Kautzer,Leann@marco.co.uk
Chester Moen,Anjali@jerald.net
Minerva Bailey I,Eric@princess.net
Santa Shanahan,Ezequiel_Hirthe@myriam.com
Naomi Abshire,Jon_Monahan@dangelo.me
Oliver Dibbert,Adelia@tamia.com
Dustin Bergstrom,Ethelyn@emanuel.ca
Dr. Shannon Harvey,Rhoda.Schuster@odie.info
Alexie Muller,Lauriane@alexys.co.uk
Francis Ankunding,Shannon@savanna.org
Norwood Flatley,Ava_Pfeffer@antonia.tv
Torrey Feest,Brenna@prince.org
Winona Mraz,Brycen_Considine@rhoda.biz
Yadira Heathcote,Johathan.Littel@danielle.biz
Kimberly Hane,Herminia_Schimmel@hershel.name
Bobby Fahey,Deon@alba.us
Geovanny Erdman,Kory.Christiansen@camren.biz
Amelie Wisoky,Nils@esther.io
Jayde Pfeffer Sr.,Quinn.Wyman@melvina.tv
Jayce Kautzer IV,Ahmad@issac.com
Llewellyn Schulist,Barrett@michel.us
Summer McLaughlin,Neoma_Kozey@ibrahim.tv
Kenna Predovic,Isadore_Lindgren@rhea.co.uk
Maximillian Schmeler,Carlotta@casimir.us
Jarrell Stamm,Emil@mike.io
Felicita Hackett,Alden@ray.us
Cristian Rodriguez,Khalid@orin.info
Clarissa Leannon,Delbert_Osinski@arnaldo.net
Ms. Darryl Daugherty,Frances_Rippin@dave.me
Jameson Brekke,Abagail@margarett.name
Yasmeen Howell,Donato@nicole.biz
Susana Parisian,Lue@kamren.net
Marco Mitchell,Jonathan@sincere.me
Euna McKenzie,Johnson@stefan.co.uk
Karen Wiza,Melba@edmond.tv
Dion Donnelly,Maudie@charley.com
Zander Predovic DDS,Lela.Ratke@alessandro.me
Jordi Roob,Jodie@kathryn.name
Alexane Connelly,Hayden_Mosciski@jamar.co.uk
Dr. Ervin Jacobs,Wilson@estelle.biz
Sarai Wyman,Travon.Kassulke@consuelo.us
Chloe Leuschke DVM,Kendall_Kassulke@kaylee.org
Jo Reichel,Mark@janelle.info
Abagail Koch,Nina@jannie.tv
Christ Fadel,Bette.Stark@adrian.io
Miles Greenfelder,Sammy@adela.ca
Junius Price,Damian_Dietrich@vida.biz
Eliezer Murray,Berenice_Wuckert@lewis.me
Terrell Schimmel,Marvin_Bogisich@derick.tv
Nichole Runte,Jason.Deckow@anthony.net
Jayden Hermiston V,Monserrat@dayton.tv
Ines Gottlieb,Jamarcus_Schuppe@thea.us
Dewitt Anderson,Reece@pablo.biz
Kallie Lemke III,Connor@jackson.us
Maribel Huel,Kory@cordelia.us
Tyler Waelchi DDS,Hunter@garfield.co.uk
Olga Hintz III,Anastacio_Harber@yesenia.info
Archibald Stokes,Orland.Renner@nathen.com
Orpha Lindgren,Luther_Zemlak@daron.ca
Brycen Shanahan,Wilson.Simonis@daron.biz
Mrs. Vance Brown,Merl.OKon@buford.tv
Tomasa Pouros,Felipe_Altenwerth@muriel.com
Mrs. Jaylan Schinner,Andres_Boyer@chyna.io
Mrs. Lura Armstrong,Dashawn@issac.biz
Arnoldo Hayes IV,Abraham@cayla.tv
Ceasar King,Beaulah@keegan.us
Jacquelyn Schowalter,Kailey.Gulgowski@lindsay.net
Giuseppe Towne,Pierre.Smitham@olen.us
Jacquelyn Schultz,Helga.Maggio@kaya.ca
Clara Zieme,Stan_Tillman@kellen.me
Arielle Kulas,Al_Sipes@timmothy.biz
Carissa Farrell,Henriette_VonRueden@collin.us
Katelynn Koelpin,Ted@shaina.ca
Mrs. Elenor Bode,Philip.Hoeger@judd.ca
Dewayne Smith,Jefferey@juana.biz
Buck Hammes,Noemie.Stracke@alana.tv
Miss Stephon Prohaska,Claudia@kade.org
Phyllis Mayert PhD,Maci_Swift@hilton.biz
Fae Rogahn PhD,Garret@rhianna.name
Mr. Noelia Schamberger,Cameron.Willms@shyann.net
Katherine Thompson,Rory_Schiller@moriah.biz
Donavon Kemmer,Anya@maia.us
Heber Cummerata MD,Myriam_Gulgowski@jaylon.name
Lawson Abbott,Abbey@dayton.co.uk
Leanna Runte,Dorothea.Schulist@presley.name
Camren Jacobi III,Dustin@candice.info
Anais Stroman,Howard@orin.com
Osvaldo Auer,Earlene_Hansen@omari.us
Zackery Wilkinson,Sophia_Zemlak@fabian.biz
Ernesto Beer,Kevon@ubaldo.tv
Mr. Ewell Jewess,Delta_Thompson@duane.net
Jettie Koss,Lucile_Altenwerth@alysha.org
Brett Hand,Jessy.Maggio@catalina.tv
Enola Langworth,Tod_Skiles@dino.me
Delphia Wilderman,Major_Brakus@leanna.net
Cordell Ortiz,Cassie.Hudson@adele.net
Josephine Roob,Mallory@ophelia.info
Rebecca Runolfsson DVM,Jacquelyn@gretchen.me
Gillian Kris,Orrin@nya.com
Kyla Abshire,Arno.Christiansen@jamar.io
Jarret Pollich IV,Krista@brittany.biz
Alison Farrell,Shanie@verda.ca
Miss Kelsi Bayer,Rocky@nash.me
Rafaela Kuhic,Camryn@liza.co.uk
Emmitt Luettgen,Jude.Monahan@jackie.net
Ms. Yasmeen Considine,Dino.Cartwright@kevon.us
Ena McDermott II,Rashad.Blick@cheyenne.net
Moriah Langosh,Edd_Kautzer@desiree.io
Christ Purdy,Adriel@ottis.com
Jettie Cruickshank,Yesenia@toy.com
Rene Jones,Camylle.Mayer@rickey.biz
Mr. Jules Schuster,Dewayne.Koelpin@ansley.io
Caden Hills,Betty_Dietrich@coby.org
Freda Bayer,Aaliyah.Sauer@giuseppe.biz
Shaun Abbott,Martina@ricky.biz
Violette Monahan,Brandon_Bradtke@hassie.ca
Dina Gerhold,Margot.Bogan@tierra.org
Theresia Daugherty Jr.,Oma@jett.io
Kiera Lubowitz IV,Joanne_Kautzer@jeramy.net
Ms. Eleonore Casper,Sim_Bosco@serena.us
Vena Hodkiewicz Sr.,Kelsi@idell.biz
Miss Florence Bogan,Pearline_Koss@damon.me
Sid Block,Sydnie.Okuneva@kaley.io
Lynn Rosenbaum,Linwood@junius.biz
Erwin Bradtke,Woodrow_Kertzmann@jameson.biz
Brook Carroll,Llewellyn@rory.me
Kendra Mante,Lacey@marian.ca
Amanda Carter,Teresa@sophie.name
Dr. Hunter Feeney,Trevion_Kerluke@dylan.biz
Jordi Yost,Einar.Mraz@brando.co.uk
Troy Bins,Dereck@anahi.com
Josue Hettinger,Tianna@freida.tv
Tania Beer,Noah_Cassin@jaydon.com
Evie Thompson Sr.,Retta.Wintheiser@berneice.me
Fermin Williamson,Leora@westley.net
Opal Marquardt,Toni.Powlowski@citlalli.tv
Rhett Schowalter,Melvina_Reichel@angel.us
Zoila Macejkovic V,Dewayne@freddy.io
Alden Hand,Caleb@wava.io
Mrs. Fredy Sauer,Efren.Ullrich@elna.me
Bria Purdy,Garrick_Marks@magnus.biz
Enos Gislason DDS,Willa.Conroy@merle.biz
Lucie Upton,Barry@alexanne.co.uk
Alexander Klein I,Chaya@christina.biz
Ms. Eliane Glover,Dorothea_Kris@matilda.org
Miss Fay Bayer,Nyasia@arlene.us
Kamryn Kerluke,Osvaldo.Glover@caitlyn.org
Arvilla West,Ewell_Cassin@oren.tv
Drake McLaughlin,Adelia@ibrahim.org
Vida Lowe PhD,Brody.Farrell@viviane.tv
Jake Mohr,Stanley@christ.co.uk
Zander Guªann,Iliana@kayden.ca
Jennings Oberbrunner,Orpha@isabel.me
Reyes Romaguera,Jerrell.Wehner@elliott.biz
Gerry Hoppe,Pasquale_Marvin@brad.biz
Karson Dietrich V,Gino.Boyle@maryam.name
Skye Lang,Lucio_Olson@miller.biz
Rudy Bergnaum,Madilyn.Hyatt@dimitri.net
Alysa Erdman,Amy@royal.biz
Myrtice Keeling,Orpha@margie.co.uk
Alexa Krajcik,Arnulfo@tom.biz
Remington Jacobs II,Edgardo@verla.name
Claude Muller,Gaylord@roberta.net
Zola Reinger,Wilfred_Brekke@kaylee.io
Joesph Streich,Germaine@ava.co.uk
Raheem Witting,Trey@tamara.me
Newell Breitenberg,Layla@mckayla.me
Rafaela Hoeger,Salma@yasmine.us
Arlie Bahringer,Billie@maritza.me
Shanon Grant,Toney@pietro.net
Bradford Osinski,Barbara@sharon.biz
Linnea Schmitt,Lauryn.Dare@jose.io
Minnie Block,Brendon_Keeling@cloyd.org
Samir Johnston,Leatha.Wilderman@marques.net
Marcelo Macejkovic,Filomena_Douglas@aurelia.net
Nickolas Hermiston,Jada@bernadette.org
Mrs. Aurelia Lynch,Gerard@wendell.net
Dorian Muller,Alivia_Yundt@augusta.me
Meaghan McGlynn,Cristian.Schamberger@amalia.info
Jesse Lubowitz,Alexandria@evan.me
Cedrick Runolfsson,Charlene_Kohler@ashly.info
Miss Cortney Lowe,Noemie.Lind@mckayla.tv
Franco Harªann,Kassandra_Keeling@maryam.biz
Kasey Brekke,Elta@shad.co.uk
Reuben Daugherty,Cathrine.Okuneva@gene.us
Miss Luis Pacocha,Mac@ayla.org
Antonette Abbott PhD,Eldon@garry.ca
Domenico Satterfield,Troy_Romaguera@cheyanne.co.uk
Dr. Randy Roberts,Seamus_Funk@darrell.me
Retta Walsh,Maybell.Schuster@candace.info
Mariam O'Kon,Howell@makenna.com
Bart Senger,Leonor.Hickle@ben.biz
Colby Brekke,Jaclyn@richmond.us
Jett Grimes,Marisa_Franecki@bria.ca
Elvie Wehner,Eino@nya.org
Myra Grady,Holly.Reinger@bulah.ca
Halle Shanahan,Kole@laron.org
Christ Lehner,Kianna_Bechtelar@lurline.biz
Candelario Oberbrunner,Sabryna.McGlynn@alexandra.biz
Marjorie Lind,Cale@erling.ca
Mr. Solon Koelpin,Frederique_Streich@jeremie.org
Juvenal Robel,Lucienne@lavonne.tv
Justus Kozey,Lucie@wilmer.com
Edwin Schumm,Emmanuel.Lang@mazie.me
Sabrina Dare,Reina@mekhi.name
Alek West,Lukas.Friesen@dovie.info
Marjory Kuvalis III,Gilda_Stoltenberg@hilton.com
Nia Weimann,Carlo@jane.co.uk
Mason Johnston,Herman.Jerde@lola.org
Scotty Upton,Zita@gerson.org
Rosalinda Becker,Isobel@jalyn.name
Mrs. Florian Swift,Ivah.Streich@stuart.net
Angelo Schaefer,Adrain@scotty.io
Dr. Thora Renner,Jesus_Stark@josue.co.uk
Camylle Kreiger PhD,Ellsworth.OKeefe@virginia.io
Ms. Mackenzie Upton,Nayeli@virginia.co.uk
Antonetta Dicki,Manuel@delfina.io
Miss Micheal O'Connell,Milo_Boyer@dallas.us
Mrs. Ramon Rice,Dusty@keeley.org
Alayna Parisian,Candido@cale.info
Tomasa Gleichner V,Hal@lloyd.biz
Kyla Hilll MD,Reagan@alysha.info
Miss Koby Batz,Florian_Kub@karlie.tv
Kenya Schiller DVM,Effie@clementina.com
Libbie Barton,Jacynthe_Ernser@chandler.co.uk
Maryam Mills,Vinnie@rebecca.org
Mariela Luettgen,Sedrick@roslyn.org
Elliot Huels,Erwin.Wyman@octavia.me
Bianka Altenwerth,Emily.Bahringer@immanuel.org
Willow Muller III,Donnell@laurie.io
Orville Hessel,Vladimir@marcos.ca
Matt Swaniawski,Lavina@jaron.name
Wilhelm Mraz,Ike_Vandervort@bartholome.me
Tristian Crooks,Audra.Kohler@jasper.me
Aniyah Schneider,Olin@alexis.org
Esmeralda Ziemann,Cristina_Leffler@esperanza.us
Lydia Turner DVM,Mercedes@myrna.info
Arvilla Thiel,Hazel@karianne.biz
Eve Ortiz,Maurice_Koch@waylon.io
Vidal Pollich,Marcelina@heidi.tv
Orville Bayer,Paolo_Breitenberg@cayla.org
Paris Wilderman,Weldon@mabel.info
Dr. Chadrick Lemke,Emile@ollie.tv
Salvador Rosenbaum,Jewell@abbey.tv
Miss Adonis Weissnat,Lindsey@shanelle.biz
Edwina Howe,Makenzie@halie.com
Eloy Murphy,Dayna@emmalee.biz
Miss Kristofer Abernathy,Emmitt@abel.co.uk
Kaci Ferry II,Maiya.Jacobs@candida.ca
Kenton Bogan MD,Missouri.Krajcik@raoul.ca
Mrs. Lonie Goldner,Abigale@jarod.me
Antonette Borer Sr.,Bo.Kuhn@carroll.ca
Guillermo Goyette,Milo@larissa.com
Concepcion Jerde,Flavie.Schmidt@erick.biz
Miss Coby Kuhn,Toney@ross.com
Kelton Raynor,Leland_Osinski@marlee.us
Crystal Grimes I,Jamaal_Rolfson@sven.biz
London Smitham,Francesco@hildegard.us
Charlotte Kerluke,Marielle_Douglas@princess.info
Ms. Jedidiah Parisian,Demario@alysha.org
Agnes Pagac,Lizeth_King@kiel.net
Trevion Hamill,Jackie.Kulas@lilyan.ca
Amira Considine,Oceane@marianna.org
Holly Stokes,Idella@kiley.tv
Mr. Cletus Torp,Brycen@krista.name
Chadrick Brown,Khalil@furman.co.uk
Lauryn Lueilwitz,Janelle@geo.org
Paolo Oberbrunner,Adelia_Crooks@berenice.info
Larry Witting,Mario_Graham@wellington.us
Andre Schinner,Lenna@erica.org
Frank Kris,Leanne.Zemlak@susie.com
Mauricio O'Hara,Lue@kaia.co.uk
Rosina Auer,Enola@elnora.me
Joe Graham,Amelia_Kautzer@mariane.tv
Melyna Hilll,Jamison_Brekke@gennaro.name
Anderson Stracke,Shaina.Harber@samanta.name
Mrs. Gerry Willms,Maximus.Rolfson@saul.info
Ashtyn Erdman,Everett@verna.biz
Alexis Wuckert,Abelardo@brigitte.name
Ressie Sporer,Demetris@susan.co.uk
Paige Wehner I,Muriel.Connelly@troy.org
Miss Kane Ryan,Jaylon.Wehner@brendon.us
Dewitt Hintz II,Quinton@salvatore.net
Mr. Lyric Prohaska,Lafayette@nathen.ca
Clementine Cassin,Samantha@elda.com
Dr. Caitlyn Abernathy,Roslyn.Prosacco@jesse.com
Kade Anderson,Osborne@vito.me
Micah Durgan,Tiara_Medhurst@angel.ca
Greg Torphy,Tod_Adams@michele.io
Meagan Hansen,Mozell@dangelo.biz
Audie Dietrich II,Rosemary@glenda.info
Jace Bashirian,Olin_Waelchi@mathilde.co.uk
Vivienne Heller,Antonette.Batz@peggie.name
Dr. Cesar Luettgen,Wilma.Bergnaum@arvel.net
Leonard Frami,Linda.Hackett@eliezer.tv
Mrs. Edna Pfeffer,Kris_Turner@katrine.tv
Francesco Grimes,Kiarra.Beer@larissa.com
Eusebio Ebert,Jayda_Kessler@alana.net
Kevon Harvey,Alysson_Cronin@trace.biz
Teagan Kemmer,Ottis_Jacobi@crystel.co.uk
Monte Jenkins,Raleigh.Thompson@faye.us
Dovie Schaden,Charity@berry.us
Guadalupe Weimann,Summer@liliana.co.uk
Zetta Kozey,Stuart@cassidy.tv
Anita Wolff,Demond@delfina.biz
Ashleigh Hane,Marisol.DuBuque@werner.biz
Jordi Senger,Gerard_Cummerata@imani.biz
Javon Stiedemann,Elroy@toni.io
Libbie Beahan,Kristy@mose.tv
Ms. Charity Tillman,Giovani.Wisoky@chesley.biz
Rogers Nikolaus Jr.,Wyman@ena.me
Jaydon McDermott,Caleigh_Dooley@kiana.us
Dr. Joy Casper,Stefanie_Rodriguez@helene.com
Adella Considine Sr.,Anabelle_Medhurst@rafaela.com
Harrison Leuschke I,Dexter@clemens.tv
Fritz Auer,Mekhi_Murphy@lauryn.ca
Jaylan Langworth Jr.,Lilly_Murazik@leta.biz
Gabrielle Hickle,Darwin_Langosh@reginald.biz
Noe Luettgen,Luz@sherman.name
Reginald Considine,Keon@keira.co.uk
Ms. Jay Trantow,Adonis_Stehr@rod.io
Rafael Bergnaum,Leonardo.Rolfson@adriana.co.uk
Alia Bernhard,Talon@jarret.me
Timmy Keebler,Gregg@trevion.net
Nya Hessel,Osvaldo@jannie.us
Abe Cruickshank,Arden@jerry.co.uk
Andrew Rutherford,Linwood@emmy.net
Ms. Arnaldo Willms,Chesley@katelynn.tv
Lina Bradtke DDS,Onie@norene.me
Elisha Harvey,Ted.Hilll@trystan.us
Kelly Gorczany,Ciara_Wyman@chauncey.net
Letitia Lakin,Gracie@joel.co.uk
Clifton Bradtke,Caleigh_Ratke@giles.ca
Lloyd Kilback,Mandy_Hansen@loma.biz
Gussie Nikolaus,Demarcus@clifton.ca
Irma Kertzmann,Diamond@destini.us
Mr. Abbey Weissnat,Brenda.Auer@twila.us
Maeve Wilderman,Zelda.Hamill@franz.biz
Alberto Schaefer,Jaylon.Swift@eloise.name
Magdalena Zemlak,Bettye_Rutherford@carrie.biz
Astrid Kirlin,Cooper@gunner.org
Florencio Bahringer,Golda@vladimir.me
Florencio Kreiger,Arnulfo_Durgan@tyler.us
Ms. Graciela Doyle,Miles_Oberbrunner@ressie.biz
Darrell Torphy,Colten@lucinda.co.uk
Neil Halvorson,Madalyn_Harber@alvis.io
Timothy Willms Sr.,Matteo.Bahringer@claudia.net
Brock Muller,Maryse_Bode@tracy.org
Hollie Runolfsdottir,Benny_Kirlin@rickey.name
Vada Schultz,Landen@perry.co.uk
Dr. Nettie Boyle,Fabian@lynn.com
Henry Oberbrunner,Maximo.Bailey@hunter.me
Julio Crooks V,Kirk@fae.tv
Denis Monahan,Immanuel.Okuneva@sean.co.uk
Ernest Trantow,Jaylin@carissa.co.uk
Francesca Prohaska,Hermann@janae.biz
Tracey Gerlach,Rachel@ahmed.biz
Americo Sauer,Erik@eliezer.name
Myah Shields,Kip_Botsford@alize.io
Kiara Kreiger,Chanelle@demarco.us
Dr. Clare Sawayn,Bruce_Jacobson@clarabelle.me
Malvina McClure PhD,Geovanny.Hauck@drake.co.uk
Clay Prohaska Sr.,Jacques.Powlowski@tiffany.tv
Mariam Nikolaus,Dashawn@elenora.info
Jacey Gleason,Ellsworth.Considine@leanna.co.uk
Riley Leffler,Eladio.Jakubowski@lauryn.biz
Grady Goldner,Reanna.Blick@cathrine.org
Loyal Mitchell,Reilly_Witting@lucius.org
Quinten Pagac,Angelo.Konopelski@kennedi.ca
June Padberg,Max@adolf.co.uk
Mrs. Fae Mraz,Calista@chaim.net
John Fay,Josephine@lottie.biz
Florencio Ortiz,Francisco_Macejkovic@edwardo.org
Anthony Hane DVM,Christop.Howell@manuela.me
Conrad Brown,Alexys@jonathan.us
Breana Aufderhar,Savanna_Kohler@helen.io
Sherwood O'Hara DDS,Chance_Considine@eli.io
Leland Kling,Sebastian.Senger@lola.biz
Wallace Batz,Allison.Guann@shad.tv
Dylan Monahan,Rosetta.Donnelly@colton.biz
Willis Bruen,Christiana@clement.net
Miss Carter Franecki,Preston.Dooley@myles.biz
Mauricio Marvin,Nash_Kuvalis@cecilia.co.uk
Alaina Eichmann MD,Rudy_Pouros@forrest.org
Ms. Sam Morar,Natalie.Reynolds@bill.name
Miss Duncan Rempel,Walker@cassidy.net
Aletha Hintz,Jennifer_Keeling@aliza.co.uk
Enola Nader,Glenna@jevon.ca
Ernestine Jenkins,Rosalee_Howell@mallie.biz
Timothy Daniel Jr.,Laurel_King@murray.info
Jovanny Reichel,Magdalen.Murphy@emely.org
Estefania Rohan,Stanford@cortney.us
Adrien Rutherford,Celine.Leuschke@spencer.ca
Toby Boehm,Graham@dave.co.uk
Alejandrin Rippin,Lola.Torphy@elaina.biz
Rita Bednar,Jasen.Beier@wilma.tv
Madyson Corkery,Justine@johanna.ca
Lily Murray,Jeanette_Brakus@leland.info
Dr. Grayson Klocko,Carolanne@tatum.org
Suzanne Tremblay,Nicholas.Williamson@annamarie.tv
Trystan Frami,Elouise@antonio.tv
Alejandrin Kautzer,Alexzander_Johnson@mathias.biz
Cary Okuneva,Treva@maureen.co.uk
Maida Streich,Nyasia@willow.me
Quinton Gulgowski I,Kale_Leffler@jadon.me
Willow Mayert,Reyes@emil.io
Cullen Okuneva MD,Oscar@misty.info
Garnet Hamill PhD,Pedro@waylon.info
Etha Terry,Moriah@sammy.io
Jimmie Schowalter,Marianna@rosie.net
Chaim Bode,Alice@katrina.name
Nelda Stroman,Myrtis_Sawayn@enos.me
Dagmar Leuschke,Anderson@dino.co.uk
Juvenal Deckow,Esmeralda_Larkin@fannie.tv
Ms. Virgie McCullough,Miracle@geoffrey.me
Orlo Kub IV,Missouri@jeramy.biz
Tristin Ziemann Jr.,Erick_Muller@faustino.biz
Kraig Guªann,Ethelyn@lenny.org
Joshuah Skiles,Daron_Waters@chaya.net
Zion Hills IV,Jaeden@alphonso.io
Shanie Schuppe,Marlen.Goodwin@michelle.info
Elton Dickens,Moises@mustafa.net
Alia Gerlach,Joanne.Hansen@urban.me
Dorian Sawayn,Jordy@krista.ca
Darwin Koss,Justina@earl.io
Maritza Dach,Claude.Littel@tina.me
Sandy Bahringer,Casey_Schinner@edwardo.us
Dorris Romaguera,Sophia_Davis@dale.com
Manley Weissnat,Ken.Reynolds@austen.us
Stephania Hegmann,Darron.Hoeger@mariah.info
Xavier Gorczany,Benedict@rhea.tv
Claudie Harªann,Blanca@cara.co.uk
Cristian Kutch,Kyra@trisha.org
Isidro Nitzsche,Karlie.Halvorson@shad.me
Lessie Bashirian,Cecilia@rhoda.io
Giovanna Botsford,Hildegard.Littel@ken.us
Bernadette O'Hara,Oswald@forrest.biz
Ambrose Ebert,Makenna_Pouros@dorothea.org
Marcelo Purdy IV,Allene@schuyler.biz
Dr. Kirstin McGlynn,Vincenza_Roberts@parker.org
Leopold Stoltenberg,Lizeth@filiberto.tv
Laurel Kreiger,Callie@sienna.com
Nyah Cassin,Jeremie@meagan.me
Isaac Bosco IV,Gwen_Stracke@magnus.com
Brain Kub,Garland@lauretta.me
Dr. Fae McCullough,Dawson_Kris@deion.io
Cleora Pouros,Lester.OReilly@berenice.biz
Consuelo Keeling,Deon.Dickens@lyric.co.uk
Mozell Weber,Brandt.Hettinger@jenifer.biz
Ansel Boehm DVM,Derrick@greta.biz
Horacio Bernier Sr.,Preston@juliana.co.uk
Filiberto Reichel,Tyshawn.Jaskolski@clovis.name
Rocio Marquardt,Verla.Fritsch@gina.biz
Oran O'Connell,Nola.Rosenbaum@sofia.biz
Zion Hamill,Johann_Green@giovani.com
Abdullah Spinka,Ofelia_Frami@oma.us
Elroy Bernier DVM,Darien@mack.biz
Edd Mohr I,Georgianna_Bogan@shyanne.io
Ardith Lockman,Reva.Jacobson@charlie.me
Courtney Muller,Joey.Boyle@jenifer.info
Nyah Hegmann,Bradford_Wunsch@colby.co.uk
Lilla Blick,Jessica.Klocko@davon.us
Vicente Miller,Jake@eileen.org
Eve Schultz,Pedro@precious.co.uk
Kaitlin Rempel V,Leopoldo@fredrick.tv
Mylene Murazik,Fannie@keith.us
Pansy O'Connell III,Rowan@javier.net
Santos Jewess,Mohammed@madilyn.tv
Daisy Kovacek,Xzavier.Daugherty@foster.name
Elza Cole,Felix_Blanda@holden.net
Eudora Harvey,Pearline_Labadie@halle.com
Pamela Goldner,Celia@name.info
Kassandra Dickinson,Marlene.Sauer@lorine.tv
Miss Nicola Gleichner,Jess@roselyn.us
Dell Reynolds,Augustus.Roberts@gaetano.me
Afton Okuneva,Terrill@electa.name
Miss Lavada Kunze,Marcus@joaquin.biz
Oda Schneider,Jessie.Considine@ernie.org
Hettie Lemke,Caleigh@declan.us
Mateo Kautzer,Sebastian@jammie.ca
Richie Thompson,Kip.Cummerata@rhiannon.com
Turner Lockman,Elissa@pete.co.uk
Billie Wolf,Okey@nathanial.biz
Alysa Weissnat,Darrick@blaise.me
Webster Williamson,Arnulfo_Rau@zoe.net
Gilda Ferry,Oral.Kulas@jailyn.net
Jordi Stiedemann,Neal@samir.com
Edgardo Sipes,Bessie@shannon.com
Sandy Hansen,Muriel@jalon.us
Alexzander Howell,Jaida.Wunsch@pierce.biz
Sherwood D'Amore,Ross.Ziemann@jovanny.co.uk
Tommie Hand,Carolyn_Kiehn@mireya.us
Etha Ratke,Kaci_Herman@zora.ca
Frances Gaylord,Fabiola.Hoppe@dylan.net
Dr. Zachery Schowalter,Esperanza_Denesik@dejuan.ca
Orpha Wunsch,Jensen_Gorczany@abbie.name
Delia Douglas,Nadia@milton.info
Adriel Schneider,Tyrel@adah.tv
Brent Dietrich,Olaf@kadin.co.uk
Gus Corwin,Gwendolyn@candida.name
Kaylee Gulgowski,Alec@kamren.biz
Mrs. Aimee Johnson,Delilah_Morar@cathy.biz
Kade Dooley,Bobby_Nicolas@raleigh.io
Patsy Schowalter Sr.,Fabian@trystan.me
Jarod Kuhn,Abraham_Upton@tevin.co.uk
Mr. King Cummerata,Dorcas.Reynolds@triston.org
Kaycee Ritchie,Jazmyn@brandyn.io
Chauncey Metz,Kelly@bradford.org
Brendon Bartell PhD,America.Kuhn@alice.com
Deja Hoeger,Jerrold@hannah.us
Creola Shanahan,Angelina.Pagac@noemi.biz
Rozella Goldner,Antonetta@coralie.io
Dimitri Cole,Tierra@nathan.me
Amie Krajcik,Edison@noemie.me
Syble Lowe,Emile_Wolff@napoleon.us
Nikita Littel,Garrett.Gislason@zackary.tv
Stan Hand,Devan@alfreda.io
Dr. Kevon Raynor,Juston@dean.us
Wilson Pfannerstill,Libby@danyka.com
Verner Schulist,Jensen_Fahey@kevon.io
Davion Maggio,Jaida.Jones@zena.ca
Leo Anderson,Gardner@kirk.com
Dr. Waino Monahan,Okey@glenna.name
Quinn Vandervort Sr.,Lindsay@magdalena.ca
Briana Wehner,Keara_Kuphal@nelle.me
Hayley Rodriguez,Eryn@alycia.io
Austyn Haley,Maeve@celine.info
Mr. Etha Larkin,Kaylah@stevie.co.uk
Clinton Jast,Junius@imani.biz
Isaac Conn IV,Milford_Mitchell@mikayla.tv
Verner Fahey II,Tremaine@urban.biz
Walter Huels,Kellie@hazel.io
Virginie Barton,Marilou@jany.net
Payton Monahan,Orpha.Berge@diana.ca
Margot Moore Sr.,Neha@mozell.org
Enid Keeling,Tom.Gleichner@janiya.me
Laury Yost DDS,Vilma@reynold.ca
Madalyn Wilkinson,Javon.Mitchell@kailee.us
Richie Borer,Dina_Rau@micheal.tv
Jeffery Huel,Kieran.Mohr@greyson.biz
Drew Greenfelder,Gage@melvin.tv
Nedra Denesik,Mozell@burnice.net
Misael Gorczany,Fidel_Thompson@wilma.net
Christy Koch,Frederique_Swift@kennedi.info
Roger Daniel V,Morris.Reilly@blanca.biz
Lexi Hauck,Aaliyah@kattie.biz
Dorian Tromp,Hilda@corene.tv
Alisha VonRueden,Warren@chester.co.uk
Margret Tremblay,Drew_Donnelly@jannie.name
Tatyana Satterfield,Mellie@elroy.io
Miss Dorris West,Brycen@leslie.org
Rosina Spencer,Ellis@reggie.name
Ms. Ericka Waelchi,Helene@chaz.us
Garth Frami,Enoch@jaylen.me
Mrs. Ebony Yundt,Marco@marcelina.io
Laurel Terry DVM,Cortez@providenci.io
Mattie Blanda,Rogers@parker.io
Shania Harªann,Hayden_Metz@dino.me
Hudson Bergstrom,Monte@nicolas.tv
Jana Wilkinson,Aliza@jazlyn.us
Cecil Batz,Florence@wellington.biz
Russell Murray,Margarete.Bernhard@adonis.tv
Miss Jerrold Balistreri,Luther@talon.com
Lauren Sporer,Rashawn.Larkin@finn.net
Alejandra Braun Jr.,Ahmad_Morar@trevion.me
Keon Tillman,Kaylah_Franecki@jaunita.us
Jesus Romaguera,Jevon_Cruickshank@clare.tv
Sienna Haley,Joaquin.Hyatt@nona.info
Kian Gorczany,Sheldon.Dooley@helga.name
Sonia Sauer,Collin@clovis.com
Gerard Monahan,Walter@phoebe.tv
Kathlyn Emard,Benton@luther.co.uk
Arnulfo Rodriguez,Emilia.Dare@kaela.com
Vada Stamm,Gustave.Schuster@edyth.net
Linnie Sipes,Gracie@gilbert.io
Sibyl Johnson,Gerson@unique.name
Jamaal Dickens,Selmer_Sawayn@pauline.org
Dane Langworth PhD,Erica.Pfeffer@daisha.ca
Novella Casper,Natalie.Kris@johnny.name
Mrs. Enoch Ziemann,Mireille@rosalind.us
Will Jerde,Sage.Wuckert@alicia.info
Angel Hickle,Al@rodrigo.info
Sibyl Barton,Mozell@luella.io
Fiona Cruickshank,Angel_Hintz@buddy.name
Ms. Maybell Abbott,Fanny@elmore.tv
Demarcus Leuschke,Sincere.Runolfsson@dedrick.tv
Annamae Schowalter,Imani_Sipes@jalyn.biz
Amber Kassulke,Lesly@brennon.io
Margaret McDermott,Ova_Stamm@cara.ca
Aryanna Sipes,Madaline@ronny.biz
Miss Katlynn Konopelski,Lyla@alexanne.me
Dimitri Toy,Cindy@billie.us
Kylie Hettinger,Giles@cordie.ca
Bobbie West,Shaun_OConner@hudson.com
Camylle Berge,Cecil_Rutherford@bettye.me
Bell Flatley,Armani@kole.biz
Sanford Lesch II,Henriette_Hintz@alexis.name
Chasity Stroman,Curtis@hunter.org
Moses Jacobs,Darby@jedediah.io
Osbaldo Wunsch,Jaleel@brooklyn.co.uk
Miss Tiara Bailey,Tatum.Simonis@diamond.info
Zachery Erdman,Doyle@francisco.biz
Kristofer Ratke,Layne.Cummings@weldon.org
Otha O'Connell,Weston@jaquan.org
Amya Parker,Velma.Hermann@mellie.io
Arnaldo Schmeler,Peyton@jacklyn.me
Tyshawn Ziemann,Frankie_Koch@odie.name
Merl Harber,Ethan@lenore.tv
Presley Ernser,Bryon_Carter@hershel.io
Rickie Volkman,Neoma_Bauch@oran.me
Kendra Wolff,Dena.Berge@anabel.us
Bradford Willms,Christelle_Stroman@alessandro.ca
Urban Koss III,Pablo@jonas.org
Kara Armstrong,Casandra_Upton@kathryne.ca
Haylee Kuvalis,Hiram@stephania.co.uk
Christiana Howe,Ashlee_Stroman@rhiannon.us
Dimitri Weimann,Jacey.Bartoletti@patricia.com
Lisandro Prohaska,Lacey@orlo.org
Marcelle Christiansen,Salvatore@jadon.name
Miss Estefania Wintheiser,Ashtyn.Howell@walter.biz
Amelie Smitham,Lea_Heathcote@geraldine.tv
Uriah Dicki,Lafayette@georgette.com
Vladimir Simonis,Ernesto_Gerhold@valentin.name
Jillian Bernhard,Mariah@paige.biz
Dagmar Herman,Dameon_Ritchie@reginald.name
Ima West,Hallie@trevor.io
Zoey Goldner,Adrien.Upton@hazel.me
Ocie Romaguera,Eli@payton.org
Dr. Kasey Satterfield,Jacquelyn@zena.org
Vivian Dooley,Jennie_Strosin@frederic.biz
Geraldine Bauch,Dillan.Wilderman@antwan.name
Caroline Murphy,Muriel.Cronin@emilie.com
Larissa Harris,Rudy.Doyle@keon.ca
Ms. Kianna Kub,Heidi@daron.com
Anna Huels,Loren@aric.com
Willie Wolff,Wilbert.Howell@ayana.us
Jeromy Parisian V,Kennedi_Hahn@janick.biz
Logan Stroman,Maryjane.Hackett@augustine.io
Kayley Kovacek,Laura_Johnson@akeem.ca
Porter Mertz II,Jaycee_Larson@deonte.me
Harold Rosenbaum,Dayna.Hagenes@carson.net
Miss Merl Ledner,Clifton.Stamm@cassie.ca
Maymie Larkin,Afton_Legros@cordia.io
Karolann Ziemann,Jairo@alexander.us
Ms. Nia Bosco,Aiyana.Ferry@avery.io
Lina Gerhold,Jazmyne.Stracke@jensen.ca
Amely Kassulke,Lurline@alexanne.io
Marta Lemke,Randall.Huels@ola.biz
Willis Predovic,Quentin_Emmerich@dora.name
Mckenzie Jakubowski Sr.,Andre.Rice@rupert.biz
Sterling Gulgowski,Bryana@morgan.io
Ulises Pouros,Arnoldo@isabell.me
Dr. Shirley Jones,Mireya.Leffler@gabriel.net
Pamela Armstrong,Kian@mohammad.me
Dannie Wisozk,Roosevelt.Conn@suzanne.me
Shayne Gerhold,Veda_Ritchie@jackie.com
Kamille Weimann,Braulio_Spinka@blanche.ca
Morris Hilpert V,Gisselle@delphia.co.uk
Aliya Bashirian,Herbert.Carter@alvera.me
Lou Stark,Abigail@hazle.biz
Sister Hoeger II,Isaac_Bednar@jada.me
Miss Wilbert Fritsch,Sidney@oleta.ca
Aleen Medhurst,Maybelle.Hintz@tess.co.uk
Eliane Harris,Macey@arno.name
Malachi Lindgren,Belle@jessyca.us
Roscoe Reynolds,Theresia@gladyce.ca
Ewell McClure,Buddy.Wyman@keon.biz
Frederic Torphy,Wendy@kaitlyn.net
Dr. Claudine Borer,Erling.Reynolds@muriel.info
Eino Hegmann,Allene@floyd.name
Miss Merle Pollich,Art_Sipes@lou.us
Nella Upton,Jovanny@stan.com
Mr. Timothy Larson,Celestine@oda.me
Arvilla Schimmel,Hadley@letitia.com
Dr. Lorna Rath,Amari.Carter@newton.net